{
  "ASR": 16.7,
  "PHIL": 16.7,
  "avg_latency": 0.168,
  "total_trials": 12,
  "ASR_A": 0.0,
  "ASR_B": 0.0,
  "ASR_C": 33.333333333333336,
  "ASR_D": 33.333333333333336
}