{
  "ASR": 75.0,
  "PHIL": 75.0,
  "avg_latency": 0.163,
  "total_trials": 12,
  "ASR_A": 100.0,
  "ASR_B": 100.0,
  "ASR_C": 66.66666666666667,
  "ASR_D": 33.333333333333336
}